30;0.2073388;SER;A;30;'';''
31;0.2091857;THR;A;31;'';''
32;0.2185746;GLY;A;32;'';''
33;0.2076777;ASP;A;33;'';''
34;0.2094641;MET;A;34;'';''
35;0.2067782;LEU;A;35;'';''
36;0.2227296;ARG;A;36;'';''
37;0.2214067;ALA;A;37;'';''
38;0.2211304;ALA;A;38;'';''
39;0.2177026;VAL;A;39;'';''
40;0.2108162;LYS;A;40;'';''
45;0.2064202;LEU;A;45;'';''
46;0.2148784;GLY;A;46;'';''
47;0.2057470;LYS;A;47;'';''
48;0.2065754;GLN;A;48;'';''
49;0.2154624;ALA;A;49;'';''
50;0.2129133;LYS;A;50;'';''
52;0.2087856;ILE;A;52;'';''
53;0.2089134;MET;A;53;'';''
54;0.2110251;ASP;A;54;'';''
55;0.2072527;ALA;A;55;'';''
56;0.2058981;GLY;A;56;'';''
57;0.2095483;LYS;A;57;'';''
245;0.2072503;THR;B;31;'';''
246;0.2131545;GLY;B;32;'';''
247;0.2076185;ASP;B;33;'';''
250;0.2174942;ARG;B;36;'';''
251;0.2164771;ALA;B;37;'';''
252;0.2172110;ALA;B;38;'';''
253;0.2196263;VAL;B;39;'';''
254;0.2137038;LYS;B;40;'';''
255;0.2063877;SER;B;41;'';''
259;0.2098912;LEU;B;45;'';''
260;0.2156640;GLY;B;46;'';''
262;0.2056152;GLN;B;48;'';''
263;0.2097240;ALA;B;49;'';''
264;0.2102972;LYS;B;50;'';''
266;0.2062380;ILE;B;52;'';''
267;0.2056778;MET;B;53;'';''
268;0.2121031;ASP;B;54;'';''
269;0.2119462;ALA;B;55;'';''
270;0.2077619;GLY;B;56;'';''
271;0.2076218;LYS;B;57;'';''
